CustomerID,CustomerName,Email,Phone,Address,City,State,ZipCode
1,Danielle Norris,michaelwatson@example.org,(799)985-9742x7019,"USCGC Robles
FPO AP 02844",West Kenneth,Iowa,98013
2,Kelsey Martin,dpeterson@example.org,940-507-2487x558,"1597 Brady Trail
Melaniechester, MI 11628",Sydneyfort,Wisconsin,55730
3,Mikayla Delgado,jason76@example.org,001-751-912-5884,"755 Martin Crossing
Jenniferland, VA 13790",Lake Dennishaven,Colorado,42062
4,Julie Castro,jonesashley@example.com,260-307-6685,"442 Caleb Keys
North Kenneth, WY 66271",Lake Patrick,Wisconsin,35647
5,Morgan Williams,lmoon@example.org,001-967-944-1132x158,"2734 Luis Rapid
Adamsfort, ND 62629",East Michael,Maryland,13116
6,Mrs. Susan Molina,kjackson@example.net,518.383.5476x264,"12770 Haley River Suite 858
Lake Michellemouth, IN 57614",Richardfurt,Kentucky,18511
7,Beth Lucas,julie36@example.org,3257139954,"59227 Isaiah Junction Suite 086
Port Philip, NE 85324",West Alexanderland,Oklahoma,78154
8,April Thomas,herbertbrooks@example.com,426.400.6088,"65693 Rios Locks Suite 326
Mendozabury, GU 81153",Medinabury,Maryland,56671
9,Samuel Walker,qthomas@example.net,303-958-5675x7169,"7889 Eric Plaza
Marqueztown, FL 90512",Montoyafort,South Dakota,87420
10,Jessica Thompson,richlisa@example.com,+1-618-652-4158x9547,"79592 Cindy Stravenue
East Timothy, FL 47415",Ellisport,Arizona,36205
11,Kimberly Norris,williamjennings@example.org,7964987276,"1289 Gregory View
Latoyabury, CO 21780",Port Elizabethmouth,Iowa,68985
12,Stephanie Mckay,fmcconnell@example.org,858.681.0750,"18644 Howell Inlet Apt. 606
Port Ernest, NJ 79153",Rojasburgh,Arizona,37506
13,Caroline Moore,michaelmcneil@example.org,806.869.1118x7348,"USS Michael
FPO AE 89471",New Ian,North Carolina,89025
14,Kayla Jacobson,butlerannette@example.org,496-265-0482x04188,"464 Hopkins Oval Suite 931
West Isabella, PW 63138",West Kennethberg,Delaware,58741
15,Jose Schwartz,stephanie08@example.com,+1-430-295-2457x27504,"016 Lisa Brooks
Parkerberg, FL 50155",East Kevin,New York,60881
16,Tara Dennis,ithompson@example.com,7634699123,"9683 Montoya Spurs Suite 923
East Ashleyport, GA 80524",Chaneymouth,Alabama,78861
17,Casey Ortiz,davidcox@example.net,288.992.5681x164,"358 Alexander Shoals Suite 001
Nguyenchester, GU 31536",South Seanberg,Oklahoma,23841
18,Edward Wilson,vbond@example.org,001-424-795-6926x0446,"PSC 5656, Box 6785
APO AA 64092",Wrightport,South Dakota,29273
19,Andrew Baldwin,fernandobowers@example.net,001-813-996-4575x2779,"955 Elijah Neck Apt. 187
Port Aimee, VA 37425",New Aimee,Texas,47578
20,Julie Fox,zchang@example.com,001-342-838-3823x863,"9424 Nicholas Lane
Jamesview, HI 02248",North Richard,Montana,19755
21,Joyce Davis,rollinsaaron@example.net,529-473-1291,"3741 Cooper Path Suite 302
Deniseborough, MO 14256",East Daniel,Alaska,77587
22,Eric Miller,joseph96@example.net,001-537-482-1092x402,"784 Wolf Bypass Apt. 560
New Derek, ND 18584",North Davidton,Colorado,44166
23,Anthony Aguilar,jessicaarmstrong@example.com,001-231-746-3843x756,"1747 Robert Streets
North Tammyside, CA 32743",Lake Carmen,Michigan,39934
24,Jessica Greene,fbishop@example.com,524-937-5621x596,"154 Hayes Roads
South Brandon, AZ 03648",New Josephtown,Kansas,27886
25,James Mahoney,dmartinez@example.net,856.461.7035x63152,"0739 Ronald Courts Apt. 272
Port Corey, RI 13732",South David,Pennsylvania,32267
26,Jennifer Middleton,michaelfrancis@example.org,(679)837-0394,"026 Hawkins Coves
Lake Troy, NM 74506",South Sue,Tennessee,33200
27,John Faulkner,vanessarodriguez@example.com,001-610-970-9774,"5128 Jennifer Causeway
New Dustin, NJ 19176",New Christineshire,Delaware,06072
28,Laura Davis,jturner@example.org,+1-211-568-6473,"55325 Shelton Park
South Danielchester, RI 57812",Jeantown,Kentucky,47668
29,Traci Holland,robinsonjennifer@example.com,+1-360-318-9448x391,"379 Brown Point
Fergusonborough, MS 22748",New Melissachester,Utah,27880
30,Darren Warren,harrisonerica@example.org,001-209-455-2500,"54044 Tammy Neck
East Trevorborough, WA 94697",Mooreview,Ohio,67122
31,Jeffrey Hansen,gregcontreras@example.org,001-542-400-7272x385,"6575 Shepherd Divide
Williamsmouth, IA 19722",West Sarastad,North Carolina,03090
32,Doris Foster,wayneshepherd@example.com,(582)283-1361x6400,"3542 Olson Turnpike Apt. 587
East Darren, OR 54396",Powellhaven,Michigan,69205
33,Jordan Phillips,anthonyburke@example.com,352.555.3962x6556,"759 Garcia Viaduct
New Gabrielmouth, CT 29971",Port Mark,Nebraska,21609
34,Bryan Joyce,qcollins@example.com,+1-246-228-7815,"1911 Davis Ferry
Jennifertown, VI 29297",Port Brendashire,Kansas,67498
35,Tracy Wright,melissa22@example.org,(427)945-2648x949,"69170 Gonzalez Harbors
Robertville, LA 45621",Jenniferberg,New York,94956
36,Gary Nash,shortstephanie@example.net,001-761-691-1057x075,"54702 Bush Cliff
Nicoleshire, WI 71149",Riversview,Michigan,02409
37,Bradley Woods,susanbenjamin@example.org,219-221-0721,"3640 Emily Terrace Suite 535
South Emily, NC 20607",Port Kerri,Oklahoma,97904
38,Kathleen Hernandez,jamesleach@example.org,300-411-2007x5984,"433 Deborah Canyon
Johnmouth, MP 98404",South Michael,Kentucky,65484
39,Cory Harris,pagesarah@example.net,(291)917-9716x6721,"48620 Joseph Centers
Saratown, ND 79065",North Kerryshire,Indiana,67505
40,Edward Mueller,luis15@example.com,001-864-311-2998,"6529 Pierce Route Apt. 585
East Stephanie, MA 89951",East Joyside,Nebraska,52023
41,Andrew Ruiz,loretta82@example.net,(813)358-4653x2057,"05747 Wilson Cove Suite 230
Lake Jayberg, MS 46426",New Valerie,Minnesota,75742
42,Kendra Hernandez,mitchellanthony@example.com,001-887-213-2464x18380,"3302 Harris Freeway Suite 511
West Jamesville, KY 72661",West Danielle,Louisiana,98296
43,John Ferguson,gardnersarah@example.org,(239)848-6779x2482,"87710 Bishop Parkway Apt. 136
New Johnview, SD 66309",Morrowshire,Colorado,46881
44,Melanie Andersen,lauren33@example.org,001-541-453-7381,"3393 Cindy Canyon Apt. 649
Elizabethfurt, MI 54527",West Michaelburgh,Illinois,45404
45,Amanda Williams,kathryn37@example.org,575.421.8586,"08029 Avila Corners Apt. 481
New Jillian, MN 63307",Ethanberg,Arkansas,04901
46,Kayla Williams,harold78@example.org,001-886-509-8450x99921,"0875 Tiffany Circle
West Michelleland, NM 60056",Patricialand,North Carolina,55020
47,Troy Huff,fjuarez@example.com,001-505-201-2145x759,"107 Chung Orchard Suite 502
Johnsonburgh, NM 38932",New Lauraland,Mississippi,02008
48,Michelle Johnson,riveraricardo@example.org,001-958-738-9971x721,"0050 Sellers Shoals Suite 563
Brownville, ME 35735",Perezshire,Tennessee,22338
49,Theresa Herrera,sheenaobrien@example.com,(636)613-4993x2571,"USNS Johnson
FPO AP 20881",North Edward,California,36249
50,Jessica Summers,spencerjeanette@example.com,(473)768-3255x25196,"69489 Danielle Ways Suite 659
Andrewsmouth, AR 49228",Port Taylor,Connecticut,59537
51,Michael Gates,annabrooks@example.com,432.369.0617x861,"139 Chris Viaduct
West Marialand, CA 00999",Lake Nancy,Pennsylvania,34757
52,James Garcia,nicole08@example.org,001-467-451-8656x37482,"88902 Elizabeth Curve Suite 818
Amberburgh, MN 26625",Mcclureland,North Dakota,44734
53,Jesse Holder,sabrinamartin@example.net,9787270125,"074 Timothy Avenue Suite 699
Heatherborough, AZ 23853",Hallbury,Iowa,54895
54,Audrey Moore DDS,abigaildixon@example.net,001-645-819-3811x81136,"810 Burke Shoals
Elizabethmouth, ME 58477",North Kendra,South Dakota,27687
55,Colin Alvarez,jmiller@example.com,+1-406-544-2011x22087,"07109 Loretta Land Suite 774
Sarahmouth, DC 59135",New Kenneth,Florida,46673
56,Adam Warren,morgancaitlyn@example.net,001-275-592-7924x299,"46651 Jessica Drive
Richardbury, MI 49209",Lake Randy,West Virginia,83538
57,Michael Rios,thomasmelinda@example.net,(865)358-7417,"8957 Dillon Cape
South Kristine, WI 01876",Port Adrianafort,Connecticut,64429
58,Jacob Williams,jmiles@example.com,+1-339-447-8306x21264,"PSC 0282, Box 1249
APO AP 21790",Jeanneborough,Oklahoma,80147
59,Ann Finley,gardnerjennifer@example.com,+1-898-453-7595x80573,"59922 Troy Camp
Coletown, SD 44197",Lake Paigeland,New York,55754
60,Daniel Ellis,abarnes@example.com,+1-275-236-8322x70158,"6676 Pugh Summit
West Spencer, ID 04655",Port Richardview,Tennessee,84090
61,Heather Willis,barrettwilliam@example.net,797.369.2094x287,"97893 Hull Lodge
New Miranda, RI 25962",Marissaberg,New Jersey,32068
62,Devin Rogers,pthompson@example.com,313.390.1461x059,"3598 Walker Road Suite 372
Scottport, CA 20395",Millerstad,Utah,37167
63,Alexis Murphy,knichols@example.com,+1-435-895-9957,"5945 Phillips Mews
Manningburgh, ME 71440",North Joanfurt,Virginia,04828
64,Jacqueline Ford,haynesjeffery@example.com,200.967.5796,"1461 James Spur
West Roy, OR 10859",Port Andreamouth,Indiana,38357
65,Shaun Johnson,phillipbrown@example.org,878.751.8702x259,"47898 Flores Way Suite 460
Jordantown, VI 87011",Mcdonaldland,Arkansas,65384
66,Anthony Hernandez,lawsonkimberly@example.com,001-540-964-3299x66598,"995 William Glens
New Kelly, KS 69151",East Angelashire,Kansas,38842
67,Eric Hansen,xsellers@example.net,7769480208,"Unit 8879 Box 7840
DPO AE 28847",New Peterfurt,Massachusetts,83596
68,Benjamin Edwards,jamesdonald@example.com,726.364.1620x43657,"2693 Warren Extensions Suite 425
New Christinahaven, WY 06734",Greenhaven,Mississippi,12261
69,Christopher Conner,proctormolly@example.org,(593)675-7166x602,"752 Natalie Wall
Lake Blake, AS 03915",Port Anita,Texas,54663
70,Johnny Brown,mcbridejoseph@example.org,3636076064,"2822 Randall Port
Jamesshire, VT 60091",Kristinehaven,Arkansas,29654
71,Jeffrey Peterson,zgood@example.com,(339)856-1492,"18607 Daniel Alley
New Graceland, RI 69914",Adamsberg,Wyoming,71711
72,Lisa Brandt,gmorrison@example.org,001-473-411-9012x98545,"325 Coffey Knoll
Susanmouth, ID 58646",Tiffanyton,New Hampshire,07334
73,Sandra Bell,jason25@example.com,001-335-485-8348x75753,"0977 Lisa Bridge
North Amanda, MP 19632",Meganside,Maryland,25695
74,Johnathan Romero,ywilliams@example.net,(788)861-8469x9030,"5720 Lorraine Islands
Wheelerborough, ND 47583",Courtneymouth,Indiana,19586
75,Natasha Walters,bryanwade@example.net,663-401-1130,"78109 Baxter Shore Apt. 955
Port Amandaville, SD 38300",West Rebeccafurt,New Jersey,45689
76,Mr. Robert Moyer,vburke@example.org,477-788-6972x14503,"35143 Taylor Lake Suite 537
Andersonhaven, DE 72238",Port Michaelmouth,West Virginia,84305
77,Lisa Clements,williamsrandy@example.org,341-535-5975,"7719 Palmer Green Suite 605
South Stephaniefurt, MP 38314",North John,Minnesota,00721
78,Valerie Adams,danasellers@example.org,393.643.5161x223,"PSC 9157, Box 5013
APO AA 13561",South Terriberg,Ohio,53437
79,Bridget Mcintyre,katherine26@example.org,(293)416-5203x008,"609 Johnson Square Suite 842
Chloestad, NM 45769",New Brandihaven,Minnesota,25815
80,Tammy Munoz,megansmith@example.com,282-546-5667x4194,"41044 William Forks
North Danielle, IN 04472",Stevenston,Michigan,12805
81,Kaylee Daniels,zmcconnell@example.org,7748778846,"8651 Nicole Fall Apt. 042
Millsville, AZ 05907",Lake Michael,Louisiana,97752
82,Andrea Francis,ywright@example.net,(339)649-1665,"1993 Garcia Mews
Velezmouth, VA 24353",Millermouth,South Carolina,31401
83,Brandon Butler,janicevasquez@example.net,(320)271-1913,"5804 Matthew Streets Suite 242
North Deborahville, IN 47704",New Davidville,Illinois,42832
84,Christopher Bryant,ydavis@example.org,(747)415-7319x758,"405 Chad Forge Suite 758
Anthonyshire, MT 71502",Port Brandi,New York,39671
85,Michelle Harding,patricia89@example.net,+1-220-631-2290x1256,"501 Ryan Shoal Suite 344
Port Michele, MS 95785",New Dave,Virginia,54206
86,Alexandria Moore,todd23@example.net,247-492-8792x40497,"65463 Bennett Village
Port Misty, AK 51225",Lake Amanda,New York,60792
87,Dr. Ashlee Roth DDS,ecarter@example.com,993.548.9668x889,"264 Melinda Cape
New Sarahport, NV 81969",Davidmouth,Hawaii,40686
88,Erin Miller,donaldevans@example.net,527.637.2903,"95860 Hudson Courts Apt. 622
West Karen, MD 08212",Ariasfort,New Jersey,07248
89,Keith Curtis,whiteamy@example.com,001-514-484-9749x947,"6458 Wilson Keys Suite 025
Margaretside, MP 06714",East Katherineville,Nevada,04040
90,Travis Mccoy,larry50@example.com,8958216309,"2370 Matthew Junction
North James, HI 60326",North Matthewfurt,Virginia,70999
91,Benjamin Malone,nicholasmurphy@example.com,+1-828-290-5001x3912,"68900 Scott Crescent Apt. 842
West Ann, WY 33357",East Danielville,Michigan,66097
92,Brianna Thomas,joel01@example.org,711.243.1871x050,"63329 Daniel Squares
Crystalhaven, MP 83924",Williamshaven,Iowa,49824
93,Jennifer Garcia,ethanwilliams@example.com,+1-372-410-6976x062,"4795 Wayne Parks Suite 141
Lake Natalie, MO 78611",New Samanthabury,Oregon,83860
94,Jodi Marshall,knightchristopher@example.com,7053820743,"87473 Frank Run
Howardland, MO 86066",Port Brenda,Nebraska,88503
95,Deborah Johnson,vincentcarson@example.org,981-718-8538x854,"4929 Morton Creek
West Amy, ME 21052",Mcdowellchester,Georgia,72581
96,Jason Rice,curtis73@example.org,+1-830-894-5270x5278,"USNS Davis
FPO AE 42491",Brownburgh,Louisiana,02201
97,Kylie Garrett,ffarmer@example.org,2792867041,"88562 Shari Courts
East Jeffrey, VT 37483",Monicachester,Wisconsin,26615
98,Stacey Herrera,michaelayala@example.net,305-246-6548x2359,"17493 Saunders Falls Suite 740
East Michellehaven, CT 11810",New Luke,Louisiana,57378
99,Sara Cooper,julievalenzuela@example.org,595.449.8393,"83156 Jared Village Apt. 167
Oconnellbury, MS 68100",Samanthashire,New York,91962
100,Jennifer Jordan,austin04@example.org,960-553-7711x1446,"648 Calvin Haven Apt. 438
North Charlesmouth, MT 03058",Nunezville,Maryland,12435
